model,size,density,response,answer
anthropic/claude-sonnet-4,3,1.0,Abigail,Abigail
anthropic/claude-sonnet-4,3,1.0,Adam,Abigail
anthropic/claude-sonnet-4,3,1.0,Aaron,Aaron
anthropic/claude-sonnet-4,3,2.0,Aaron,Aaron
anthropic/claude-sonnet-4,3,2.0,Aaron,Aaron
anthropic/claude-sonnet-4,3,2.0,Abigail,Abigail
anthropic/claude-sonnet-4,3,3.0,Abigail,Abigail
anthropic/claude-sonnet-4,3,3.0,Adam,Abigail
anthropic/claude-sonnet-4,3,3.0,Adam,Adam
anthropic/claude-sonnet-4,3,4.0,Adam,Adam
anthropic/claude-sonnet-4,3,4.0,Adam,Adam
anthropic/claude-sonnet-4,3,4.0,Adam,Adam
anthropic/claude-sonnet-4,3,5.0,Adam,Abigail
anthropic/claude-sonnet-4,3,5.0,Aaron,Aaron
anthropic/claude-sonnet-4,3,5.0,Aaron,Aaron
anthropic/claude-sonnet-4,3,6.0,Adam,Abigail
anthropic/claude-sonnet-4,3,6.0,Adam,Adam
anthropic/claude-sonnet-4,3,6.0,Adam,Adam
anthropic/claude-sonnet-4,3,7.0,Adam,Abigail
anthropic/claude-sonnet-4,3,7.0,Aaron,Aaron
anthropic/claude-sonnet-4,3,7.0,Adam,Adam
anthropic/claude-sonnet-4,3,8.0,Adam,Adam
anthropic/claude-sonnet-4,3,8.0,Adam,Abigail
anthropic/claude-sonnet-4,3,8.0,Adam,Adam
anthropic/claude-sonnet-4,3,9.0,Aaron,Aaron
anthropic/claude-sonnet-4,3,9.0,Adam,Abigail
anthropic/claude-sonnet-4,3,9.0,Adam,Adam
anthropic/claude-sonnet-4,5,1.0,Adrian,Adrian
anthropic/claude-sonnet-4,5,1.0,Adam,Adam
anthropic/claude-sonnet-4,5,1.0,Adrian,Adrian
anthropic/claude-sonnet-4,5,2.0,Adam,Adam
anthropic/claude-sonnet-4,5,2.0,Adam,Adam
anthropic/claude-sonnet-4,5,2.0,Adrian,Adrian
anthropic/claude-sonnet-4,5,3.0,Adrian,Adrian
anthropic/claude-sonnet-4,5,3.0,Adrian,Adrian
anthropic/claude-sonnet-4,5,3.0,Adrian,Adrian
anthropic/claude-sonnet-4,5,4.0,Adam,Adam
anthropic/claude-sonnet-4,5,4.0,Adriana,Adriana
anthropic/claude-sonnet-4,5,4.0,Adrian,Adrian
anthropic/claude-sonnet-4,5,5.0,Adriana,Adriana
anthropic/claude-sonnet-4,5,5.0,Adriana,Adriana
anthropic/claude-sonnet-4,5,5.0,Adrian,Adrian
anthropic/claude-sonnet-4,5,6.0,Adriana,Adriana
anthropic/claude-sonnet-4,5,6.0,Adriana,Adriana
anthropic/claude-sonnet-4,5,6.0,Adriana,Adriana
anthropic/claude-sonnet-4,5,7.0,Abigail,Abigail
anthropic/claude-sonnet-4,5,7.0,Adriana,Adriana
anthropic/claude-sonnet-4,5,7.0,Adriana,Adriana
anthropic/claude-sonnet-4,5,8.0,Adriana,Adriana
anthropic/claude-sonnet-4,5,8.0,Adam,Adam
anthropic/claude-sonnet-4,5,8.0,Abigail,Abigail
anthropic/claude-sonnet-4,5,9.0,Adriana,Adriana
anthropic/claude-sonnet-4,5,9.0,Adriana,Adriana
anthropic/claude-sonnet-4,5,9.0,Adriana,Adriana
anthropic/claude-sonnet-4,7,1.0,Adriana,Adriana
anthropic/claude-sonnet-4,7,1.0,Albert,Albert
anthropic/claude-sonnet-4,7,1.0,Adriana,Adriana
anthropic/claude-sonnet-4,7,2.0,Alan,Alan
anthropic/claude-sonnet-4,7,2.0,Albert,Albert
anthropic/claude-sonnet-4,7,2.0,Alan,Alan
anthropic/claude-sonnet-4,7,3.0,Alan,Alan
anthropic/claude-sonnet-4,7,3.0,Alan,Alan
anthropic/claude-sonnet-4,7,3.0,Albert,Albert
anthropic/claude-sonnet-4,7,4.0,Alan,Alan
anthropic/claude-sonnet-4,7,4.0,Albert,Albert
anthropic/claude-sonnet-4,7,4.0,Alan,Albert
anthropic/claude-sonnet-4,7,5.0,Albert,Albert
anthropic/claude-sonnet-4,7,5.0,Alan,Alan
anthropic/claude-sonnet-4,7,5.0,Albert,Albert
anthropic/claude-sonnet-4,7,6.0,Adriana,Adriana
anthropic/claude-sonnet-4,7,6.0,Albert,Albert
anthropic/claude-sonnet-4,7,6.0,Albert,Albert
anthropic/claude-sonnet-4,7,7.0,Alan,Alan
anthropic/claude-sonnet-4,7,7.0,Albert,Albert
anthropic/claude-sonnet-4,7,7.0,Albert,Albert
anthropic/claude-sonnet-4,7,8.0,Albert,Albert
anthropic/claude-sonnet-4,7,8.0,Albert,Albert
anthropic/claude-sonnet-4,7,8.0,Albert,Albert
anthropic/claude-sonnet-4,7,9.0,Albert,Albert
anthropic/claude-sonnet-4,7,9.0,Albert,Albert
anthropic/claude-sonnet-4,7,9.0,Albert,Albert
anthropic/claude-sonnet-4,9,1.0,Alan,Alec
anthropic/claude-sonnet-4,9,1.0,Alejandra,Albert
anthropic/claude-sonnet-4,9,1.0,Alec,Alec
anthropic/claude-sonnet-4,9,2.0,Albert,Albert
anthropic/claude-sonnet-4,9,2.0,Adam,Adam
anthropic/claude-sonnet-4,9,2.0,Alejandra,Alejandra
anthropic/claude-sonnet-4,9,3.0,Alec,Alec
anthropic/claude-sonnet-4,9,3.0,Alejandra,Alejandra
anthropic/claude-sonnet-4,9,3.0,Alec,Alec
anthropic/claude-sonnet-4,9,4.0,Alejandra,Alejandra
anthropic/claude-sonnet-4,9,4.0,Alejandra,Alejandra
anthropic/claude-sonnet-4,9,4.0,Alec,Alec
anthropic/claude-sonnet-4,9,5.0,Alejandra,Alejandra
anthropic/claude-sonnet-4,9,5.0,Adriana,Adriana
anthropic/claude-sonnet-4,9,5.0,Alec,Alec
anthropic/claude-sonnet-4,9,6.0,Alejandra,Alejandra
anthropic/claude-sonnet-4,9,6.0,Alejandra,Alejandra
anthropic/claude-sonnet-4,9,6.0,Alan,Alan
anthropic/claude-sonnet-4,9,7.0,Alejandra,Alejandra
anthropic/claude-sonnet-4,9,7.0,Alec,Alec
anthropic/claude-sonnet-4,9,7.0,Alejandra,Alejandra
anthropic/claude-sonnet-4,9,8.0,Alejandra,Alejandra
anthropic/claude-sonnet-4,9,8.0,Alejandra,Alejandra
anthropic/claude-sonnet-4,9,8.0,Alan,Alan
anthropic/claude-sonnet-4,9,9.0,Alejandra,Alejandra
anthropic/claude-sonnet-4,9,9.0,Alejandra,Alejandra
anthropic/claude-sonnet-4,9,9.0,Alejandra,Alejandra
anthropic/claude-sonnet-4,10,1.0,Alejandro,Alejandro
anthropic/claude-sonnet-4,10,1.0,Adriana,Albert
anthropic/claude-sonnet-4,10,1.0,Albert,Albert
anthropic/claude-sonnet-4,10,2.0,Abigail,Abigail
anthropic/claude-sonnet-4,10,2.0,Alejandra,Alejandra
anthropic/claude-sonnet-4,10,2.0,Alejandra,Alejandra
anthropic/claude-sonnet-4,10,3.0,Alec,Alec
anthropic/claude-sonnet-4,10,3.0,Alejandro,Alejandro
anthropic/claude-sonnet-4,10,3.0,Alejandro,Alejandro
anthropic/claude-sonnet-4,10,4.0,Alejandra,Alejandra
anthropic/claude-sonnet-4,10,4.0,Alejandro,Alejandro
anthropic/claude-sonnet-4,10,4.0,Alejandro,Alejandro
anthropic/claude-sonnet-4,10,5.0,Alejandro,Alejandro
anthropic/claude-sonnet-4,10,5.0,Alejandro,Alejandro
anthropic/claude-sonnet-4,10,5.0,Alejandro,Alejandro
anthropic/claude-sonnet-4,10,6.0,Alejandro,Alejandro
anthropic/claude-sonnet-4,10,6.0,Alejandro,Alejandro
anthropic/claude-sonnet-4,10,6.0,Alejandro,Alejandro
anthropic/claude-sonnet-4,10,7.0,Alejandro,Alejandro
anthropic/claude-sonnet-4,10,7.0,Alejandra,Alejandra
anthropic/claude-sonnet-4,10,7.0,Alejandro,Alejandro
anthropic/claude-sonnet-4,10,8.0,Alejandro,Alejandro
anthropic/claude-sonnet-4,10,8.0,Adam,Alejandra
anthropic/claude-sonnet-4,10,8.0,Alejandro,Alejandro
anthropic/claude-sonnet-4,10,9.0,Alejandro,Alejandro
anthropic/claude-sonnet-4,10,9.0,Alejandra,Alejandra
anthropic/claude-sonnet-4,10,9.0,Alejandro,Alejandro
anthropic/claude-sonnet-4,20,1.0,Alice,Alice
anthropic/claude-sonnet-4,20,1.0,Alexandria,Alison
anthropic/claude-sonnet-4,20,1.0,Alice,Alice
anthropic/claude-sonnet-4,20,2.0,Allen,Allen
anthropic/claude-sonnet-4,20,2.0,Alexandria,Alexandria
anthropic/claude-sonnet-4,20,2.0,Alice,Alice
anthropic/claude-sonnet-4,20,3.0,Allen,Allen
anthropic/claude-sonnet-4,20,3.0,Allen,Allen
anthropic/claude-sonnet-4,20,3.0,Alexis,Alexis
anthropic/claude-sonnet-4,20,4.0,Allen,Allen
anthropic/claude-sonnet-4,20,4.0,Allen,Allen
anthropic/claude-sonnet-4,20,4.0,Allen,Allen
anthropic/claude-sonnet-4,20,5.0,Alicia,Alicia
anthropic/claude-sonnet-4,20,5.0,Alice,Allen
anthropic/claude-sonnet-4,20,5.0,Allen,Allen
anthropic/claude-sonnet-4,20,6.0,Alexander,Alexander
anthropic/claude-sonnet-4,20,6.0,Allen,Allen
anthropic/claude-sonnet-4,20,6.0,Alison,Allen
anthropic/claude-sonnet-4,20,7.0,Alison,Allen
anthropic/claude-sonnet-4,20,7.0,Allen,Allen
anthropic/claude-sonnet-4,20,7.0,Alicia,Alicia
anthropic/claude-sonnet-4,20,8.0,Allen,Allen
anthropic/claude-sonnet-4,20,8.0,Alison,Allen
anthropic/claude-sonnet-4,20,8.0,Allen,Allen
anthropic/claude-sonnet-4,20,9.0,Adam,Adam
anthropic/claude-sonnet-4,20,9.0,Alicia,Alicia
anthropic/claude-sonnet-4,20,9.0,Allen,Allen
anthropic/claude-sonnet-4,30,1.0,Amanda,Amanda
anthropic/claude-sonnet-4,30,1.0,Alice,Amy
anthropic/claude-sonnet-4,30,1.0,"I need to trace the ancestry paths for both Alan and Abigail to find their lowest common ancestor.

Path for Alan:
Alan ← Alex ← Alexandria ← Alison ← Alyssa ← Amanda ← Amber ← Amy ← Andre ← Andrea ← Andres ← Andrew ← Angel

Path for Abigail:
Abigail ← Alec ← Alexander ← Alice ← Allen ← Amanda ← Amber ← Amy ← Andre ← Andrea ← Andres ← Andrew ← Angel

Comparing the paths from the bottom up:
- Both trace back to Angel, Andrew, Andres, Andrea, Andre, Amy, Amber
- Both have Amanda as an ancestor
- Alan's path goes: Amanda → Alyssa → Alison → Alexandria → Alex → Alan
- Abigail's path goes: Amanda → Allen → Alice → Alexander → Alec → Abigail

The lowest (most recent) common ancestor is Amanda.

Amanda",Amanda
anthropic/claude-sonnet-4,30,2.0,Andrea,Andrea
anthropic/claude-sonnet-4,30,2.0,"I need to find the lowest common ancestor of Alyssa and Alexandra by tracing their lineages back to find where they first meet.

Alyssa's lineage going up:
Alyssa → Andrea → Angel

Alexandra's lineage going up:
Alexandra → Amy → Andrew → Angel

The paths are:
- Alyssa: Alyssa → Andrea → Angel
- Alexandra: Alexandra → Amy → Andrew → Angel

The common ancestors are Angel. Since Angel is the only common ancestor, Angel is the lowest common ancestor.

Angel",Angel
anthropic/claude-sonnet-4,30,2.0,Amanda,Amanda
anthropic/claude-sonnet-4,30,3.0,Andrea,Andres
anthropic/claude-sonnet-4,30,3.0,Andrew,Andrew
anthropic/claude-sonnet-4,30,3.0,Andrew,Angel
anthropic/claude-sonnet-4,30,4.0,Andre,Angel
anthropic/claude-sonnet-4,30,4.0,Andres,Andres
anthropic/claude-sonnet-4,30,4.0,Andre,Andre
anthropic/claude-sonnet-4,30,5.0,Andrew,Angel
anthropic/claude-sonnet-4,30,5.0,Angel,Angel
anthropic/claude-sonnet-4,30,5.0,Andrew,Andrew
anthropic/claude-sonnet-4,30,6.0,Andre,Andre
anthropic/claude-sonnet-4,30,6.0,"Andrew

Wait, let me trace this more carefully.

Alison's ancestors: Alison → Andrew → Angel
Alexis's ancestors: Alexis → Andres → Angel

The lowest common ancestor is Angel.

Angel",Angel
anthropic/claude-sonnet-4,30,6.0,Angel,Angel
anthropic/claude-sonnet-4,30,7.0,Andres,Andres
anthropic/claude-sonnet-4,30,7.0,Andrew,Angel
anthropic/claude-sonnet-4,30,7.0,Angel,Angel
anthropic/claude-sonnet-4,30,8.0,Angel,Angel
anthropic/claude-sonnet-4,30,8.0,Andrew,Angel
anthropic/claude-sonnet-4,30,8.0,Andrea,Angel
anthropic/claude-sonnet-4,30,9.0,Andrew,Angel
anthropic/claude-sonnet-4,30,9.0,Andrea,Angel
anthropic/claude-sonnet-4,30,9.0,Andrew,Angel
anthropic/claude-sonnet-4,40,1.0,"I need to find the lowest common ancestor of Alexandria and Alan by tracing their lineages upward.

Alexandria's lineage (going up):
Alexandria → Alexis → Amber → Andrew → Angela → Angel → Angelica → Anita → Anna → Antonio → April → Ariana

Alan's lineage (going up):
Alan → Alexis → Amber → Andrew → Angela → Angel → Angelica → Anita → Anna → Antonio → April → Ariana

Looking at both lineages, the first common ancestor when tracing upward is Alexis.

Alexis",Andrew
anthropic/claude-sonnet-4,40,1.0,Error: 402,Anna
anthropic/claude-sonnet-4,40,1.0,Error: 402,Ariana
anthropic/claude-sonnet-4,40,2.0,Error: 402,Ariana
anthropic/claude-sonnet-4,40,2.0,Error: 402,Angelica
anthropic/claude-sonnet-4,40,2.0,Error: 402,Angela
anthropic/claude-sonnet-4,40,3.0,Error: 402,Anthony
anthropic/claude-sonnet-4,40,3.0,Error: 402,April
anthropic/claude-sonnet-4,40,3.0,Error: 402,Ariana
anthropic/claude-sonnet-4,40,4.0,Error: 402,Ariana
anthropic/claude-sonnet-4,40,4.0,Error: 402,April
anthropic/claude-sonnet-4,40,4.0,Error: 402,Ariana
anthropic/claude-sonnet-4,40,5.0,Error: 402,Ariana
anthropic/claude-sonnet-4,40,5.0,Error: 402,Angie
anthropic/claude-sonnet-4,40,5.0,Error: 402,Ariana
anthropic/claude-sonnet-4,40,6.0,Error: 402,Ariana
anthropic/claude-sonnet-4,40,6.0,Error: 402,April
anthropic/claude-sonnet-4,40,6.0,Error: 402,Ariana
anthropic/claude-sonnet-4,40,7.0,Error: 402,Ariana
anthropic/claude-sonnet-4,40,7.0,Error: 402,Ariana
anthropic/claude-sonnet-4,40,7.0,Error: 402,Ariana
anthropic/claude-sonnet-4,40,8.0,Error: 402,Ariana
anthropic/claude-sonnet-4,40,8.0,Error: 402,Ariana
anthropic/claude-sonnet-4,40,8.0,Error: 402,Ariana
anthropic/claude-sonnet-4,40,9.0,Error: 402,Ariana
anthropic/claude-sonnet-4,40,9.0,Error: 402,Ariana
anthropic/claude-sonnet-4,40,9.0,Error: 402,Ariana
anthropic/claude-sonnet-4,50,1.0,Error: 402,Anthony
anthropic/claude-sonnet-4,50,1.0,Error: 402,Austin
anthropic/claude-sonnet-4,50,1.0,Error: 402,Barbara
anthropic/claude-sonnet-4,50,2.0,Error: 402,Amanda
anthropic/claude-sonnet-4,50,2.0,Error: 402,Becky
anthropic/claude-sonnet-4,50,2.0,Error: 402,Barry
anthropic/claude-sonnet-4,50,3.0,Error: 402,Becky
anthropic/claude-sonnet-4,50,3.0,Error: 402,Belinda
anthropic/claude-sonnet-4,50,3.0,Error: 402,Becky
anthropic/claude-sonnet-4,50,4.0,Error: 402,Belinda
anthropic/claude-sonnet-4,50,4.0,Error: 402,Belinda
anthropic/claude-sonnet-4,50,4.0,Error: 402,Belinda
anthropic/claude-sonnet-4,50,5.0,Error: 402,Belinda
anthropic/claude-sonnet-4,50,5.0,Error: 402,Belinda
anthropic/claude-sonnet-4,50,5.0,Error: 402,Belinda
anthropic/claude-sonnet-4,50,6.0,Error: 402,Belinda
anthropic/claude-sonnet-4,50,6.0,Error: 402,Barry
anthropic/claude-sonnet-4,50,6.0,Error: 402,Belinda
anthropic/claude-sonnet-4,50,7.0,Error: 402,Belinda
anthropic/claude-sonnet-4,50,7.0,Error: 402,Becky
anthropic/claude-sonnet-4,50,7.0,Error: 402,Belinda
anthropic/claude-sonnet-4,50,8.0,Error: 402,Austin
anthropic/claude-sonnet-4,50,8.0,Error: 402,Belinda
anthropic/claude-sonnet-4,50,8.0,Error: 402,Andrew
anthropic/claude-sonnet-4,50,9.0,Error: 402,Belinda
anthropic/claude-sonnet-4,50,9.0,Error: 402,Belinda
anthropic/claude-sonnet-4,50,9.0,Error: 402,Belinda
anthropic/claude-sonnet-4,60,1.0,Error: 402,Belinda
anthropic/claude-sonnet-4,60,1.0,Error: 402,Betty
anthropic/claude-sonnet-4,60,1.0,Error: 402,Belinda
anthropic/claude-sonnet-4,60,2.0,Error: 402,Benjamin
anthropic/claude-sonnet-4,60,2.0,Error: 402,Blake
anthropic/claude-sonnet-4,60,2.0,Error: 402,Becky
anthropic/claude-sonnet-4,60,3.0,Error: 402,Bonnie
anthropic/claude-sonnet-4,60,3.0,Error: 402,Bonnie
anthropic/claude-sonnet-4,60,3.0,Error: 402,Bobby
anthropic/claude-sonnet-4,60,4.0,Error: 402,Bonnie
anthropic/claude-sonnet-4,60,4.0,Error: 402,Blake
anthropic/claude-sonnet-4,60,4.0,Error: 402,Billy
anthropic/claude-sonnet-4,60,5.0,Error: 402,Bonnie
anthropic/claude-sonnet-4,60,5.0,Error: 402,Bonnie
anthropic/claude-sonnet-4,60,5.0,Error: 402,Bobby
anthropic/claude-sonnet-4,60,6.0,Error: 402,Austin
anthropic/claude-sonnet-4,60,6.0,Error: 402,Betty
anthropic/claude-sonnet-4,60,6.0,Error: 402,Bonnie
anthropic/claude-sonnet-4,60,7.0,Error: 402,Bonnie
anthropic/claude-sonnet-4,60,7.0,Error: 402,Bonnie
anthropic/claude-sonnet-4,60,7.0,Error: 402,Bonnie
anthropic/claude-sonnet-4,60,8.0,Error: 402,Betty
anthropic/claude-sonnet-4,60,8.0,Error: 402,Bonnie
anthropic/claude-sonnet-4,60,8.0,Error: 402,Bonnie
anthropic/claude-sonnet-4,60,9.0,Error: 402,Bobby
anthropic/claude-sonnet-4,60,9.0,Error: 402,Bonnie
anthropic/claude-sonnet-4,60,9.0,Error: 402,Bonnie
anthropic/claude-sonnet-4,70,1.0,Error: 402,Brett
anthropic/claude-sonnet-4,70,1.0,Error: 402,Brett
anthropic/claude-sonnet-4,70,1.0,Error: 402,Bradley
anthropic/claude-sonnet-4,70,2.0,Error: 402,Brendan
anthropic/claude-sonnet-4,70,2.0,Error: 402,Brendan
anthropic/claude-sonnet-4,70,2.0,Error: 402,Betty
anthropic/claude-sonnet-4,70,3.0,Error: 402,Brenda
anthropic/claude-sonnet-4,70,3.0,Error: 402,Brendan
anthropic/claude-sonnet-4,70,3.0,Error: 402,Brett
anthropic/claude-sonnet-4,70,4.0,Error: 402,Brendan
anthropic/claude-sonnet-4,70,4.0,Error: 402,Brett
anthropic/claude-sonnet-4,70,4.0,Error: 402,Brendan
anthropic/claude-sonnet-4,70,5.0,Error: 402,Brett
anthropic/claude-sonnet-4,70,5.0,Error: 402,Brendan
anthropic/claude-sonnet-4,70,5.0,Error: 402,Brett
anthropic/claude-sonnet-4,70,6.0,Error: 402,Bobby
anthropic/claude-sonnet-4,70,6.0,Error: 402,Brett
anthropic/claude-sonnet-4,70,6.0,Error: 402,Brett
anthropic/claude-sonnet-4,70,7.0,Error: 402,Brendan
anthropic/claude-sonnet-4,70,7.0,Error: 402,Brett
anthropic/claude-sonnet-4,70,7.0,Error: 402,Brett
anthropic/claude-sonnet-4,70,8.0,Error: 402,Brett
anthropic/claude-sonnet-4,70,8.0,Error: 402,Brett
anthropic/claude-sonnet-4,70,8.0,Error: 402,Brendan
anthropic/claude-sonnet-4,70,9.0,Error: 402,Brett
anthropic/claude-sonnet-4,70,9.0,Error: 402,Brett
anthropic/claude-sonnet-4,70,9.0,Error: 402,Brett
anthropic/claude-sonnet-4,80,1.0,Error: 402,Caitlin
anthropic/claude-sonnet-4,80,1.0,Error: 402,Caitlin
anthropic/claude-sonnet-4,80,1.0,Error: 402,Andrew
anthropic/claude-sonnet-4,80,2.0,Error: 402,Barbara
anthropic/claude-sonnet-4,80,2.0,Error: 402,Caitlin
anthropic/claude-sonnet-4,80,2.0,Error: 402,Bryan
anthropic/claude-sonnet-4,80,3.0,Error: 402,Caitlin
anthropic/claude-sonnet-4,80,3.0,Error: 402,Caitlin
anthropic/claude-sonnet-4,80,3.0,Error: 402,Brittney
anthropic/claude-sonnet-4,80,4.0,Error: 402,Caitlin
anthropic/claude-sonnet-4,80,4.0,Error: 402,Caitlin
anthropic/claude-sonnet-4,80,4.0,Error: 402,Bruce
anthropic/claude-sonnet-4,80,5.0,Error: 402,Caitlin
anthropic/claude-sonnet-4,80,5.0,Error: 402,Caitlin
anthropic/claude-sonnet-4,80,5.0,Error: 402,Brett
anthropic/claude-sonnet-4,80,6.0,Error: 402,Caitlin
anthropic/claude-sonnet-4,80,6.0,Error: 402,Caitlin
anthropic/claude-sonnet-4,80,6.0,Error: 402,Caitlin
anthropic/claude-sonnet-4,80,7.0,Error: 402,Caitlin
anthropic/claude-sonnet-4,80,7.0,Error: 402,Caitlin
anthropic/claude-sonnet-4,80,7.0,Error: 402,Caitlin
anthropic/claude-sonnet-4,80,8.0,Error: 402,Caitlin
anthropic/claude-sonnet-4,80,8.0,Error: 402,Caitlin
anthropic/claude-sonnet-4,80,8.0,Error: 402,Caitlin
anthropic/claude-sonnet-4,80,9.0,Error: 402,Caitlin
anthropic/claude-sonnet-4,80,9.0,Error: 402,Caitlin
anthropic/claude-sonnet-4,80,9.0,Error: 402,Caitlin
anthropic/claude-sonnet-4,90,1.0,Error: 402,Calvin
anthropic/claude-sonnet-4,90,1.0,Error: 402,Bryan
anthropic/claude-sonnet-4,90,1.0,Error: 402,Cameron
anthropic/claude-sonnet-4,90,2.0,Error: 402,Carmen
anthropic/claude-sonnet-4,90,2.0,Error: 402,Carlos
anthropic/claude-sonnet-4,90,2.0,Error: 402,Carmen
anthropic/claude-sonnet-4,90,3.0,Error: 402,Carol
anthropic/claude-sonnet-4,90,3.0,Error: 402,Carlos
anthropic/claude-sonnet-4,90,3.0,Error: 402,Carol
anthropic/claude-sonnet-4,90,4.0,Error: 402,Carol
anthropic/claude-sonnet-4,90,4.0,Error: 402,Carol
anthropic/claude-sonnet-4,90,4.0,Error: 402,Carmen
anthropic/claude-sonnet-4,90,5.0,Error: 402,Carol
anthropic/claude-sonnet-4,90,5.0,Error: 402,Carol
anthropic/claude-sonnet-4,90,5.0,Error: 402,Carmen
anthropic/claude-sonnet-4,90,6.0,Error: 402,Carol
anthropic/claude-sonnet-4,90,6.0,Error: 402,Carol
anthropic/claude-sonnet-4,90,6.0,Error: 402,Carol
anthropic/claude-sonnet-4,90,7.0,Error: 402,Carol
anthropic/claude-sonnet-4,90,7.0,Error: 402,Carol
anthropic/claude-sonnet-4,90,7.0,Error: 402,Carmen
anthropic/claude-sonnet-4,90,8.0,Error: 402,Carmen
anthropic/claude-sonnet-4,90,8.0,Error: 402,Carol
anthropic/claude-sonnet-4,90,8.0,Error: 402,Carol
anthropic/claude-sonnet-4,90,9.0,Error: 402,Carol
anthropic/claude-sonnet-4,90,9.0,Error: 402,Carol
anthropic/claude-sonnet-4,90,9.0,Error: 402,Carmen
google/gemini-2.0-flash-001,3,1.0,Abigail,Abigail
google/gemini-2.0-flash-001,3,1.0,Adam,Abigail
google/gemini-2.0-flash-001,3,1.0,Aaron,Aaron
google/gemini-2.0-flash-001,3,2.0,Adam,Aaron
google/gemini-2.0-flash-001,3,2.0,Aaron,Aaron
google/gemini-2.0-flash-001,3,2.0,Adam,Abigail
google/gemini-2.0-flash-001,3,3.0,Abigail,Abigail
google/gemini-2.0-flash-001,3,3.0,Adam,Abigail
google/gemini-2.0-flash-001,3,3.0,Adam,Adam
google/gemini-2.0-flash-001,3,4.0,Adam,Adam
google/gemini-2.0-flash-001,3,4.0,Adam,Adam
google/gemini-2.0-flash-001,3,4.0,Adam,Adam
google/gemini-2.0-flash-001,3,5.0,Adam,Abigail
google/gemini-2.0-flash-001,3,5.0,Adam,Aaron
google/gemini-2.0-flash-001,3,5.0,Adam,Aaron
google/gemini-2.0-flash-001,3,6.0,Adam,Abigail
google/gemini-2.0-flash-001,3,6.0,Adam,Adam
google/gemini-2.0-flash-001,3,6.0,Adam,Adam
google/gemini-2.0-flash-001,3,7.0,Adam,Abigail
google/gemini-2.0-flash-001,3,7.0,Adam,Aaron
google/gemini-2.0-flash-001,3,7.0,Adam,Adam
google/gemini-2.0-flash-001,3,8.0,Adam,Adam
google/gemini-2.0-flash-001,3,8.0,Adam,Abigail
google/gemini-2.0-flash-001,3,8.0,Adam,Adam
google/gemini-2.0-flash-001,3,9.0,Adam,Aaron
google/gemini-2.0-flash-001,3,9.0,Adam,Abigail
google/gemini-2.0-flash-001,3,9.0,Adam,Adam
google/gemini-2.0-flash-001,5,1.0,Adriana,Adrian
google/gemini-2.0-flash-001,5,1.0,Adrian,Adam
google/gemini-2.0-flash-001,5,1.0,Adriana,Adrian
google/gemini-2.0-flash-001,5,2.0,Adrian,Adam
google/gemini-2.0-flash-001,5,2.0,Adrian,Adam
google/gemini-2.0-flash-001,5,2.0,Adrian,Adrian
google/gemini-2.0-flash-001,5,3.0,Adriana,Adrian
google/gemini-2.0-flash-001,5,3.0,Adrian,Adrian
google/gemini-2.0-flash-001,5,3.0,Adrian,Adrian
google/gemini-2.0-flash-001,5,4.0,Adriana,Adam
google/gemini-2.0-flash-001,5,4.0,Adriana,Adriana
google/gemini-2.0-flash-001,5,4.0,Adrian,Adrian
google/gemini-2.0-flash-001,5,5.0,Adriana,Adriana
google/gemini-2.0-flash-001,5,5.0,Adriana,Adriana
google/gemini-2.0-flash-001,5,5.0,Adriana,Adrian
google/gemini-2.0-flash-001,5,6.0,Adriana,Adriana
google/gemini-2.0-flash-001,5,6.0,Adriana,Adriana
google/gemini-2.0-flash-001,5,6.0,Adriana,Adriana
google/gemini-2.0-flash-001,5,7.0,Adriana,Abigail
google/gemini-2.0-flash-001,5,7.0,Adriana,Adriana
google/gemini-2.0-flash-001,5,7.0,Adriana,Adriana
google/gemini-2.0-flash-001,5,8.0,Adriana,Adriana
google/gemini-2.0-flash-001,5,8.0,Adriana,Adam
google/gemini-2.0-flash-001,5,8.0,Adriana,Abigail
google/gemini-2.0-flash-001,5,9.0,Adriana,Adriana
google/gemini-2.0-flash-001,5,9.0,Adriana,Adriana
google/gemini-2.0-flash-001,5,9.0,Adriana,Adriana
google/gemini-2.0-flash-001,7,1.0,Albert,Adriana
google/gemini-2.0-flash-001,7,1.0,Alan,Albert
google/gemini-2.0-flash-001,7,1.0,Alan,Adriana
google/gemini-2.0-flash-001,7,2.0,Alan,Alan
google/gemini-2.0-flash-001,7,2.0,Adriana,Albert
google/gemini-2.0-flash-001,7,2.0,Albert,Alan
google/gemini-2.0-flash-001,7,3.0,Alan,Alan
google/gemini-2.0-flash-001,7,3.0,Alan,Alan
google/gemini-2.0-flash-001,7,3.0,Albert,Albert
google/gemini-2.0-flash-001,7,4.0,Alan,Alan
google/gemini-2.0-flash-001,7,4.0,Albert,Albert
google/gemini-2.0-flash-001,7,4.0,Albert,Albert
google/gemini-2.0-flash-001,7,5.0,Albert,Albert
google/gemini-2.0-flash-001,7,5.0,Albert,Alan
google/gemini-2.0-flash-001,7,5.0,Albert,Albert
google/gemini-2.0-flash-001,7,6.0,Albert,Adriana
google/gemini-2.0-flash-001,7,6.0,Albert,Albert
google/gemini-2.0-flash-001,7,6.0,Albert,Albert
google/gemini-2.0-flash-001,7,7.0,Alan,Alan
google/gemini-2.0-flash-001,7,7.0,Albert,Albert
google/gemini-2.0-flash-001,7,7.0,Albert,Albert
google/gemini-2.0-flash-001,7,8.0,Albert,Albert
google/gemini-2.0-flash-001,7,8.0,Albert,Albert
google/gemini-2.0-flash-001,7,8.0,Albert,Albert
google/gemini-2.0-flash-001,7,9.0,Albert,Albert
google/gemini-2.0-flash-001,7,9.0,Albert,Albert
google/gemini-2.0-flash-001,7,9.0,Albert,Albert
google/gemini-2.0-flash-001,9,1.0,Alec,Alec
google/gemini-2.0-flash-001,9,1.0,Alec,Albert
google/gemini-2.0-flash-001,9,1.0,Alec,Alec
google/gemini-2.0-flash-001,9,2.0,Albert,Albert
google/gemini-2.0-flash-001,9,2.0,Albert,Adam
google/gemini-2.0-flash-001,9,2.0,Alec,Alejandra
google/gemini-2.0-flash-001,9,3.0,Alec,Alec
google/gemini-2.0-flash-001,9,3.0,Alejandra,Alejandra
google/gemini-2.0-flash-001,9,3.0,Alec,Alec
google/gemini-2.0-flash-001,9,4.0,Alejandra,Alejandra
google/gemini-2.0-flash-001,9,4.0,Alejandra,Alejandra
google/gemini-2.0-flash-001,9,4.0,Alec,Alec
google/gemini-2.0-flash-001,9,5.0,Alejandra,Alejandra
google/gemini-2.0-flash-001,9,5.0,Alejandra,Adriana
google/gemini-2.0-flash-001,9,5.0,Alejandra,Alec
google/gemini-2.0-flash-001,9,6.0,Alejandra,Alejandra
google/gemini-2.0-flash-001,9,6.0,Alejandra,Alejandra
google/gemini-2.0-flash-001,9,6.0,Alejandra,Alan
google/gemini-2.0-flash-001,9,7.0,Alec,Alejandra
google/gemini-2.0-flash-001,9,7.0,Alejandra,Alec
google/gemini-2.0-flash-001,9,7.0,Alejandra,Alejandra
google/gemini-2.0-flash-001,9,8.0,Alejandra,Alejandra
google/gemini-2.0-flash-001,9,8.0,Alejandra,Alejandra
google/gemini-2.0-flash-001,9,8.0,Alejandra,Alan
google/gemini-2.0-flash-001,9,9.0,Alejandra,Alejandra
google/gemini-2.0-flash-001,9,9.0,Alejandra,Alejandra
google/gemini-2.0-flash-001,9,9.0,Alejandra,Alejandra
google/gemini-2.0-flash-001,10,1.0,Alec,Alejandro
google/gemini-2.0-flash-001,10,1.0,Alejandra,Albert
google/gemini-2.0-flash-001,10,1.0,Alejandra,Albert
google/gemini-2.0-flash-001,10,2.0,Albert,Abigail
google/gemini-2.0-flash-001,10,2.0,Alejandra,Alejandra
google/gemini-2.0-flash-001,10,2.0,Alejandro,Alejandra
google/gemini-2.0-flash-001,10,3.0,Alejandro,Alec
google/gemini-2.0-flash-001,10,3.0,Alejandra,Alejandro
google/gemini-2.0-flash-001,10,3.0,Alejandro,Alejandro
google/gemini-2.0-flash-001,10,4.0,Alejandra,Alejandra
google/gemini-2.0-flash-001,10,4.0,Alejandro,Alejandro
google/gemini-2.0-flash-001,10,4.0,Alejandro,Alejandro
google/gemini-2.0-flash-001,10,5.0,Alejandro,Alejandro
google/gemini-2.0-flash-001,10,5.0,Alejandro,Alejandro
google/gemini-2.0-flash-001,10,5.0,Alejandra,Alejandro
google/gemini-2.0-flash-001,10,6.0,Alejandra,Alejandro
google/gemini-2.0-flash-001,10,6.0,Alejandro,Alejandro
google/gemini-2.0-flash-001,10,6.0,Alejandro,Alejandro
google/gemini-2.0-flash-001,10,7.0,Alejandro,Alejandro
google/gemini-2.0-flash-001,10,7.0,Alejandra,Alejandra
google/gemini-2.0-flash-001,10,7.0,Alejandro,Alejandro
google/gemini-2.0-flash-001,10,8.0,Alejandro,Alejandro
google/gemini-2.0-flash-001,10,8.0,Alejandra,Alejandra
google/gemini-2.0-flash-001,10,8.0,Alejandro,Alejandro
google/gemini-2.0-flash-001,10,9.0,Alejandra,Alejandro
google/gemini-2.0-flash-001,10,9.0,Alejandro,Alejandra
google/gemini-2.0-flash-001,10,9.0,Alejandro,Alejandro
google/gemini-2.0-flash-001,20,1.0,Alison,Alice
google/gemini-2.0-flash-001,20,1.0,Alicia,Alison
google/gemini-2.0-flash-001,20,1.0,Alice,Alice
google/gemini-2.0-flash-001,20,2.0,Allen,Allen
google/gemini-2.0-flash-001,20,2.0,Alicia,Alexandria
google/gemini-2.0-flash-001,20,2.0,Alexandra,Alice
google/gemini-2.0-flash-001,20,3.0,Allen,Allen
google/gemini-2.0-flash-001,20,3.0,Allen,Allen
google/gemini-2.0-flash-001,20,3.0,Alexis,Alexis
google/gemini-2.0-flash-001,20,4.0,Allen,Allen
google/gemini-2.0-flash-001,20,4.0,Allen,Allen
google/gemini-2.0-flash-001,20,4.0,Allen,Allen
google/gemini-2.0-flash-001,20,5.0,Alicia,Alicia
google/gemini-2.0-flash-001,20,5.0,Allen,Allen
google/gemini-2.0-flash-001,20,5.0,Allen,Allen
google/gemini-2.0-flash-001,20,6.0,Allen,Alexander
google/gemini-2.0-flash-001,20,6.0,Allen,Allen
google/gemini-2.0-flash-001,20,6.0,Alison,Allen
google/gemini-2.0-flash-001,20,7.0,Alison,Allen
google/gemini-2.0-flash-001,20,7.0,Allen,Allen
google/gemini-2.0-flash-001,20,7.0,Alicia,Alicia
google/gemini-2.0-flash-001,20,8.0,Allen,Allen
google/gemini-2.0-flash-001,20,8.0,Allen,Allen
google/gemini-2.0-flash-001,20,8.0,Allen,Allen
google/gemini-2.0-flash-001,20,9.0,Alison,Adam
google/gemini-2.0-flash-001,20,9.0,Alicia,Alicia
google/gemini-2.0-flash-001,20,9.0,Allen,Allen
google/gemini-2.0-flash-001,30,1.0,Andrew,Amanda
google/gemini-2.0-flash-001,30,1.0,Alexa,Amy
google/gemini-2.0-flash-001,30,1.0,Andrew,Amanda
google/gemini-2.0-flash-001,30,2.0,Andrea,Andrea
google/gemini-2.0-flash-001,30,2.0,Andrea,Angel
google/gemini-2.0-flash-001,30,2.0,Andres,Amanda
google/gemini-2.0-flash-001,30,3.0,Andres,Andres
google/gemini-2.0-flash-001,30,3.0,Andrew,Andrew
google/gemini-2.0-flash-001,30,3.0,Andres,Angel
google/gemini-2.0-flash-001,30,4.0,Andrew,Angel
google/gemini-2.0-flash-001,30,4.0,Angel,Andres
google/gemini-2.0-flash-001,30,4.0,Andre,Andre
google/gemini-2.0-flash-001,30,5.0,Angel,Angel
google/gemini-2.0-flash-001,30,5.0,Angel,Angel
google/gemini-2.0-flash-001,30,5.0,Andrew,Andrew
google/gemini-2.0-flash-001,30,6.0,Andre,Andre
google/gemini-2.0-flash-001,30,6.0,Angel,Angel
google/gemini-2.0-flash-001,30,6.0,Angel,Angel
google/gemini-2.0-flash-001,30,7.0,Andres,Andres
google/gemini-2.0-flash-001,30,7.0,Angel,Angel
google/gemini-2.0-flash-001,30,7.0,Angel,Angel
google/gemini-2.0-flash-001,30,8.0,Angel,Angel
google/gemini-2.0-flash-001,30,8.0,Andrew,Angel
google/gemini-2.0-flash-001,30,8.0,Angel,Angel
google/gemini-2.0-flash-001,30,9.0,Angel,Angel
google/gemini-2.0-flash-001,30,9.0,Angel,Angel
google/gemini-2.0-flash-001,30,9.0,Angel,Angel
google/gemini-2.0-flash-001,40,1.0,Amanda,Andrew
google/gemini-2.0-flash-001,40,1.0,April,Anna
google/gemini-2.0-flash-001,40,1.0,Ann,Ariana
google/gemini-2.0-flash-001,40,2.0,Antonio,Ariana
google/gemini-2.0-flash-001,40,2.0,Angelica,Angelica
google/gemini-2.0-flash-001,40,2.0,Angela,Angela
google/gemini-2.0-flash-001,40,3.0,Andres,Anthony
google/gemini-2.0-flash-001,40,3.0,April,April
google/gemini-2.0-flash-001,40,3.0,Ariana,Ariana
google/gemini-2.0-flash-001,40,4.0,Ariana,Ariana
google/gemini-2.0-flash-001,40,4.0,Anita,April
google/gemini-2.0-flash-001,40,4.0,Ariana,Ariana
google/gemini-2.0-flash-001,40,5.0,Ariana,Ariana
google/gemini-2.0-flash-001,40,5.0,April,Angie
google/gemini-2.0-flash-001,40,5.0,Ariana,Ariana
google/gemini-2.0-flash-001,40,6.0,April,Ariana
google/gemini-2.0-flash-001,40,6.0,Ariana,April
google/gemini-2.0-flash-001,40,6.0,Antonio,Ariana
google/gemini-2.0-flash-001,40,7.0,Ariana,Ariana
google/gemini-2.0-flash-001,40,7.0,Ariana,Ariana
google/gemini-2.0-flash-001,40,7.0,Ariana,Ariana
google/gemini-2.0-flash-001,40,8.0,Ariana,Ariana
google/gemini-2.0-flash-001,40,8.0,Ariana,Ariana
google/gemini-2.0-flash-001,40,8.0,Ariana,Ariana
google/gemini-2.0-flash-001,40,9.0,Ariana,Ariana
google/gemini-2.0-flash-001,40,9.0,Ariana,Ariana
google/gemini-2.0-flash-001,40,9.0,April,Ariana
google/gemini-2.0-flash-001,50,1.0,Andre,Anthony
google/gemini-2.0-flash-001,50,1.0,Bailey,Austin
google/gemini-2.0-flash-001,50,1.0,Bailey,Barbara
google/gemini-2.0-flash-001,50,2.0,Amanda,Amanda
google/gemini-2.0-flash-001,50,2.0,Anthony,Becky
google/gemini-2.0-flash-001,50,2.0,Ariana,Barry
google/gemini-2.0-flash-001,50,3.0,Barbara,Becky
google/gemini-2.0-flash-001,50,3.0,Bailey,Belinda
google/gemini-2.0-flash-001,50,3.0,Becky,Becky
google/gemini-2.0-flash-001,50,4.0,Barbara,Belinda
google/gemini-2.0-flash-001,50,4.0,Belinda,Belinda
google/gemini-2.0-flash-001,50,4.0,Barbara,Belinda
google/gemini-2.0-flash-001,50,5.0,Belinda,Belinda
google/gemini-2.0-flash-001,50,5.0,Becky,Belinda
google/gemini-2.0-flash-001,50,5.0,Arthur,Belinda
google/gemini-2.0-flash-001,50,6.0,Belinda,Belinda
google/gemini-2.0-flash-001,50,6.0,Barry,Barry
google/gemini-2.0-flash-001,50,6.0,Becky,Belinda
google/gemini-2.0-flash-001,50,7.0,Belinda,Belinda
google/gemini-2.0-flash-001,50,7.0,Becky,Becky
google/gemini-2.0-flash-001,50,7.0,Belinda,Belinda
google/gemini-2.0-flash-001,50,8.0,Austin,Austin
google/gemini-2.0-flash-001,50,8.0,Belinda,Belinda
google/gemini-2.0-flash-001,50,8.0,Barry,Andrew
google/gemini-2.0-flash-001,50,9.0,Belinda,Belinda
google/gemini-2.0-flash-001,50,9.0,Belinda,Belinda
google/gemini-2.0-flash-001,50,9.0,Belinda,Belinda
google/gemini-2.0-flash-001,60,1.0,Bonnie,Belinda
google/gemini-2.0-flash-001,60,1.0,Bill,Betty
google/gemini-2.0-flash-001,60,1.0,Bonnie,Belinda
google/gemini-2.0-flash-001,60,2.0,Barbara,Benjamin
google/gemini-2.0-flash-001,60,2.0,Ariana,Blake
google/gemini-2.0-flash-001,60,2.0,Antonio,Becky
google/gemini-2.0-flash-001,60,3.0,Bethany,Bonnie
google/gemini-2.0-flash-001,60,3.0,Blake,Bonnie
google/gemini-2.0-flash-001,60,3.0,Bobby,Bobby
google/gemini-2.0-flash-001,60,4.0,Bonnie,Bonnie
google/gemini-2.0-flash-001,60,4.0,Blake,Blake
google/gemini-2.0-flash-001,60,4.0,Billy,Billy
google/gemini-2.0-flash-001,60,5.0,Bonnie,Bonnie
google/gemini-2.0-flash-001,60,5.0,Bill,Bonnie
google/gemini-2.0-flash-001,60,5.0,Bobby,Bobby
google/gemini-2.0-flash-001,60,6.0,Billy,Austin
google/gemini-2.0-flash-001,60,6.0,Bonnie,Betty
google/gemini-2.0-flash-001,60,6.0,Bonnie,Bonnie
google/gemini-2.0-flash-001,60,7.0,Bonnie,Bonnie
google/gemini-2.0-flash-001,60,7.0,Bobby,Bonnie
google/gemini-2.0-flash-001,60,7.0,Bonnie,Bonnie
google/gemini-2.0-flash-001,60,8.0,Betty,Betty
google/gemini-2.0-flash-001,60,8.0,Bonnie,Bonnie
google/gemini-2.0-flash-001,60,8.0,Bonnie,Bonnie
google/gemini-2.0-flash-001,60,9.0,Bobby,Bobby
google/gemini-2.0-flash-001,60,9.0,Bonnie,Bonnie
google/gemini-2.0-flash-001,60,9.0,Bonnie,Bonnie
google/gemini-2.0-flash-001,70,1.0,Brett,Brett
google/gemini-2.0-flash-001,70,1.0,Brendan,Brett
google/gemini-2.0-flash-001,70,1.0,Brendan,Bradley
google/gemini-2.0-flash-001,70,2.0,Brendan,Brendan
google/gemini-2.0-flash-001,70,2.0,Brett,Brendan
google/gemini-2.0-flash-001,70,2.0,Betty,Betty
google/gemini-2.0-flash-001,70,3.0,Brenda,Brenda
google/gemini-2.0-flash-001,70,3.0,Brad,Brendan
google/gemini-2.0-flash-001,70,3.0,Bonnie,Brett
google/gemini-2.0-flash-001,70,4.0,Brendan,Brendan
google/gemini-2.0-flash-001,70,4.0,Brenda,Brett
google/gemini-2.0-flash-001,70,4.0,Blake,Brendan
google/gemini-2.0-flash-001,70,5.0,Brett,Brett
google/gemini-2.0-flash-001,70,5.0,Bonnie,Brendan
google/gemini-2.0-flash-001,70,5.0,Brenda,Brett
google/gemini-2.0-flash-001,70,6.0,Bobby,Bobby
google/gemini-2.0-flash-001,70,6.0,Brendan,Brett
google/gemini-2.0-flash-001,70,6.0,Brenda,Brett
google/gemini-2.0-flash-001,70,7.0,Brendan,Brendan
google/gemini-2.0-flash-001,70,7.0,Brandi,Brett
google/gemini-2.0-flash-001,70,7.0,Brad,Brett
google/gemini-2.0-flash-001,70,8.0,Brenda,Brett
google/gemini-2.0-flash-001,70,8.0,Brett,Brett
google/gemini-2.0-flash-001,70,8.0,Brendan,Brendan
google/gemini-2.0-flash-001,70,9.0,Brett,Brett
google/gemini-2.0-flash-001,70,9.0,Brett,Brett
google/gemini-2.0-flash-001,70,9.0,Brett,Brett
google/gemini-2.0-flash-001,80,1.0,Caitlin,Caitlin
google/gemini-2.0-flash-001,80,1.0,Caitlin,Caitlin
google/gemini-2.0-flash-001,80,1.0,Ariel,Andrew
google/gemini-2.0-flash-001,80,2.0,Barbara,Barbara
google/gemini-2.0-flash-001,80,2.0,Caitlin,Caitlin
google/gemini-2.0-flash-001,80,2.0,Barry,Bryan
google/gemini-2.0-flash-001,80,3.0,Beth,Caitlin
google/gemini-2.0-flash-001,80,3.0,Brenda,Caitlin
google/gemini-2.0-flash-001,80,3.0,Brittney,Brittney
google/gemini-2.0-flash-001,80,4.0,Brad,Caitlin
google/gemini-2.0-flash-001,80,4.0,Brittney,Caitlin
google/gemini-2.0-flash-001,80,4.0,Brandy,Bruce
google/gemini-2.0-flash-001,80,5.0,Bruce,Caitlin
google/gemini-2.0-flash-001,80,5.0,Bruce,Caitlin
google/gemini-2.0-flash-001,80,5.0,Brett,Brett
google/gemini-2.0-flash-001,80,6.0,Brittany,Caitlin
google/gemini-2.0-flash-001,80,6.0,Caitlin,Caitlin
google/gemini-2.0-flash-001,80,6.0,Brooke,Caitlin
google/gemini-2.0-flash-001,80,7.0,Caitlin,Caitlin
google/gemini-2.0-flash-001,80,7.0,Caitlin,Caitlin
google/gemini-2.0-flash-001,80,7.0,Bruce,Caitlin
google/gemini-2.0-flash-001,80,8.0,Caitlin,Caitlin
google/gemini-2.0-flash-001,80,8.0,Caitlin,Caitlin
google/gemini-2.0-flash-001,80,8.0,Caitlin,Caitlin
google/gemini-2.0-flash-001,80,9.0,Caitlin,Caitlin
google/gemini-2.0-flash-001,80,9.0,Caitlin,Caitlin
google/gemini-2.0-flash-001,80,9.0,Caitlin,Caitlin
google/gemini-2.0-flash-001,90,1.0,Carlos,Calvin
google/gemini-2.0-flash-001,90,1.0,Carol,Bryan
google/gemini-2.0-flash-001,90,1.0,Carl,Cameron
google/gemini-2.0-flash-001,90,2.0,Carl,Carmen
google/gemini-2.0-flash-001,90,2.0,Carlos,Carlos
google/gemini-2.0-flash-001,90,2.0,Carmen,Carmen
google/gemini-2.0-flash-001,90,3.0,Carla,Carol
google/gemini-2.0-flash-001,90,3.0,Brian,Carlos
google/gemini-2.0-flash-001,90,3.0,Carol,Carol
google/gemini-2.0-flash-001,90,4.0,Carol,Carol
google/gemini-2.0-flash-001,90,4.0,Bridget,Carol
google/gemini-2.0-flash-001,90,4.0,Carmen,Carmen
google/gemini-2.0-flash-001,90,5.0,Carol,Carol
google/gemini-2.0-flash-001,90,5.0,Brianna,Carol
google/gemini-2.0-flash-001,90,5.0,Carmen,Carmen
google/gemini-2.0-flash-001,90,6.0,Brooke,Carol
google/gemini-2.0-flash-001,90,6.0,Carol,Carol
google/gemini-2.0-flash-001,90,6.0,Brittney,Carol
google/gemini-2.0-flash-001,90,7.0,Carol,Carol
google/gemini-2.0-flash-001,90,7.0,Carla,Carol
google/gemini-2.0-flash-001,90,7.0,Bryan,Carmen
google/gemini-2.0-flash-001,90,8.0,Carol,Carmen
google/gemini-2.0-flash-001,90,8.0,Carol,Carol
google/gemini-2.0-flash-001,90,8.0,Candace,Carol
google/gemini-2.0-flash-001,90,9.0,Carol,Carol
google/gemini-2.0-flash-001,90,9.0,Carol,Carol
google/gemini-2.0-flash-001,90,9.0,Carmen,Carmen
